{"parent":"minecraft:item/generated","textures":{"layer0":"minecraft:item/emerald"},"overrides":[{"model":"zcrystals:item/blank_z_crystal","predicate":{"custom_model_data":2}},{"model":"zcrystals:item/z_ring","predicate":{"custom_model_data":3}},{"model":"zcrystals:item/aloraichium_z","predicate":{"custom_model_data":4}},{"model":"zcrystals:item/buginium_z","predicate":{"custom_model_data":5}},{"model":"zcrystals:item/darkinium_z","predicate":{"custom_model_data":6}},{"model":"zcrystals:item/decidium_z","predicate":{"custom_model_data":7}},{"model":"zcrystals:item/dragonium_z","predicate":{"custom_model_data":8}},{"model":"zcrystals:item/eevium_z","predicate":{"custom_model_data":9}},{"model":"zcrystals:item/electrium_z","predicate":{"custom_model_data":10}},{"model":"zcrystals:item/fairium_z","predicate":{"custom_model_data":11}},{"model":"zcrystals:item/fightinium_z","predicate":{"custom_model_data":12}},{"model":"zcrystals:item/firium_z","predicate":{"custom_model_data":13}},{"model":"zcrystals:item/flyinium_z","predicate":{"custom_model_data":14}},{"model":"zcrystals:item/ghostium_z","predicate":{"custom_model_data":15}},{"model":"zcrystals:item/grassium_z","predicate":{"custom_model_data":16}},{"model":"zcrystals:item/groundium_z","predicate":{"custom_model_data":17}},{"model":"zcrystals:item/icium_z","predicate":{"custom_model_data":18}},{"model":"zcrystals:item/incinium_z","predicate":{"custom_model_data":19}},{"model":"zcrystals:item/kommonium_z","predicate":{"custom_model_data":20}},{"model":"zcrystals:item/lunalium_z","predicate":{"custom_model_data":21}},{"model":"zcrystals:item/lycanium_z","predicate":{"custom_model_data":22}},{"model":"zcrystals:item/marshadium_z","predicate":{"custom_model_data":23}},{"model":"zcrystals:item/mewnium_z","predicate":{"custom_model_data":24}},{"model":"zcrystals:item/mimikium_z","predicate":{"custom_model_data":25}},{"model":"zcrystals:item/normalium_z","predicate":{"custom_model_data":26}},{"model":"zcrystals:item/pikanium_z","predicate":{"custom_model_data":27}},{"model":"zcrystals:item/pikashunium_z","predicate":{"custom_model_data":28}},{"model":"zcrystals:item/poisonium_z","predicate":{"custom_model_data":29}},{"model":"zcrystals:item/primarium_z","predicate":{"custom_model_data":30}},{"model":"zcrystals:item/psychium_z","predicate":{"custom_model_data":31}},{"model":"zcrystals:item/rockium_z","predicate":{"custom_model_data":32}},{"model":"zcrystals:item/snorlium_z","predicate":{"custom_model_data":33}},{"model":"zcrystals:item/solganium_z","predicate":{"custom_model_data":34}},{"model":"zcrystals:item/steelium_z","predicate":{"custom_model_data":35}},{"model":"zcrystals:item/tapunium_z","predicate":{"custom_model_data":36}},{"model":"zcrystals:item/ultranecrozium_z","predicate":{"custom_model_data":37}},{"model":"zcrystals:item/waterium_z","predicate":{"custom_model_data":38}}]}